,Postal code,Building type,2020Q1 Price per square meter (EUR/m2),2020Q2 Price per square meter (EUR/m2),2020Q3 Price per square meter (EUR/m2),2020Q4 Price per square meter (EUR/m2),2021Q1* Price per square meter (EUR/m2),2021Q2* Price per square meter (EUR/m2),label6,label8,label10,Location
2,00100,"Blocks of flats, three-room flat+",7205.0,6678.0,7178.0,7405.0,8053.0,8174.0,0,6,6,Helsinki Keskusta - Etu-Töölö   (Helsinki )
8,00120,"Blocks of flats, three-room flat+",7607.0,8060.0,8258.0,8146.0,8559.0,8389.0,0,6,6,Punavuori   (Helsinki )
14,00130,"Blocks of flats, three-room flat+",6101.0,6101.0,6101.0,6101.0,6101.0,6101.0,0,6,6,Kaartinkaupunki   (Helsinki )
20,00140,"Blocks of flats, three-room flat+",8232.0,9291.0,8590.0,9001.0,9646.0,9736.0,0,6,6,Kaivopuisto - Ullanlinna   (Helsinki )
26,00150,"Blocks of flats, three-room flat+",8860.0,8268.5,7677.0,8375.0,10117.0,9355.0,0,6,6,Eira - Hernesaari   (Helsinki )
32,00160,"Blocks of flats, three-room flat+",6875.0,8454.0,7128.0,6858.0,7991.0,6819.0,0,6,6,Katajanokka   (Helsinki )
38,00170,"Blocks of flats, three-room flat+",7039.0,7024.0,7523.0,7343.0,7810.0,7759.0,0,6,6,Kruununhaka   (Helsinki )
44,00180,"Blocks of flats, three-room flat+",6805.0,7944.0,8031.0,8118.0,7738.0,7738.0,0,6,6,Kamppi - Ruoholahti   (Helsinki )
56,00200,"Blocks of flats, three-room flat+",6443.0,6207.0,6259.0,6462.0,6673.0,6805.0,0,6,6,Lauttasaari   (Helsinki )
62,00210,"Blocks of flats, three-room flat+",6497.0,6606.0,6727.0,6883.0,6894.0,7324.0,0,6,6,Vattuniemi   (Helsinki )
74,00240,"Blocks of flats, three-room flat+",5077.666666666667,5134.0,4938.0,4742.0,5166.0,5852.0,1,2,2,Länsi-Pasila   (Helsinki )
80,00250,"Blocks of flats, three-room flat+",6198.0,6459.0,6339.0,6441.0,6895.0,6928.0,0,6,6,Taka-Töölö   (Helsinki )
86,00260,"Blocks of flats, three-room flat+",6924.5,6778.0,6706.0,7308.0,7413.0,7366.0,0,6,6,Keski-Töölö   (Helsinki )
92,00270,"Blocks of flats, three-room flat+",6238.0,6751.0,6171.0,5869.0,6475.0,5666.0,0,6,6,Pohjois-Meilahti   (Helsinki )
98,00280,"Blocks of flats, three-room flat+",5785.666666666667,5841.777777777777,5897.888888888889,5954.0,5106.0,6078.0,1,2,2,Ruskeasuo   (Helsinki )
116,00310,"Blocks of flats, three-room flat+",4106.0,4106.0,4106.0,4106.0,4106.0,4106.0,3,7,7,Kivihaka   (Helsinki )
122,00320,"Blocks of flats, three-room flat+",4833.0,5064.0,5384.0,4968.0,5158.0,5578.0,1,2,2,Etelä-Haaga   (Helsinki )
128,00330,"Blocks of flats, three-room flat+",5984.0,5999.0,6014.0,6357.0,6330.0,6757.0,0,6,6,Munkkiniemi   (Helsinki )
134,00340,"Blocks of flats, three-room flat+",3973.8,3955.4,3937.0,4307.5,4678.0,4678.0,1,2,2,Kuusisaari-Lehtisaari   (Helsinki )
140,00350,"Blocks of flats, three-room flat+",4508.0,5006.0,4836.0,4793.0,4613.0,5408.0,1,2,2,Munkkivuori-Niemenmäki   (Helsinki )
146,00360,"Blocks of flats, three-room flat+",4368.0,4430.0,4430.0,4430.0,4430.0,4430.0,1,2,2,Pajamäki   (Helsinki )
152,00370,"Blocks of flats, three-room flat+",2593.0,2488.0,2383.0,2735.0,3087.0,2630.0,2,5,5,Reimarla   (Helsinki )
158,00380,"Blocks of flats, three-room flat+",4604.0,4604.0,4604.0,4604.0,4604.0,4604.0,1,2,2,Pitäjänmäen teollisuusalue   (Helsinki )
164,00390,"Blocks of flats, three-room flat+",3226.0,3094.0,3275.0,3565.0,3655.0,3753.0,3,3,3,Konala   (Helsinki )
170,00400,"Blocks of flats, three-room flat+",3908.0,4097.0,4176.0,4078.0,3898.0,4165.0,3,7,7,Pohjois-Haaga   (Helsinki )
176,00410,"Blocks of flats, three-room flat+",2641.0,2499.0,2530.5,2562.0,2549.0,2549.0,2,5,5,Malminkartano   (Helsinki )
182,00420,"Blocks of flats, three-room flat+",3439.0,3091.0,2783.0,3023.0,2812.0,3311.0,3,3,3,Kannelmäki   (Helsinki )
194,00440,"Blocks of flats, three-room flat+",3204.0,3377.0,3451.0,3525.0,3673.0,4075.0,3,7,7,Lassila   (Helsinki )
200,00500,"Blocks of flats, three-room flat+",5850.0,5692.5,5535.0,5978.0,5870.0,5870.0,1,2,2,Sörnäinen   (Helsinki )
206,00510,"Blocks of flats, three-room flat+",5765.0,5786.0,6666.0,6679.0,6478.0,6703.0,0,6,6,Etu-Vallila - Alppila   (Helsinki )
212,00520,"Blocks of flats, three-room flat+",5022.0,5376.0,5407.0,5060.0,4845.0,6006.0,1,2,2,Itä-Pasila   (Helsinki )
218,00530,"Blocks of flats, three-room flat+",5431.0,6211.0,6304.0,6219.0,6008.0,6121.0,0,6,6,Kallio   (Helsinki )
230,00550,"Blocks of flats, three-room flat+",5302.5,5287.0,5886.0,5886.0,5886.0,5886.0,1,2,2,Vallila   (Helsinki )
236,00560,"Blocks of flats, three-room flat+",5934.0,6029.0,6124.0,5821.0,6032.0,6882.0,0,6,6,Toukola-Vanhakaupunki   (Helsinki )
242,00570,"Blocks of flats, three-room flat+",5278.0,5325.0,5718.0,5498.0,6277.0,6572.0,1,2,2,Kulosaari   (Helsinki )
254,00590,"Blocks of flats, three-room flat+",,,4691.0,4691.0,4691.0,4691.0,1,2,2,Kaitalahti   (Helsinki )
260,00600,"Blocks of flats, three-room flat+",3006.0,3006.0,3006.0,3006.0,3006.0,3006.0,3,3,3,Koskela-Helsinki   (Helsinki )
266,00610,"Blocks of flats, three-room flat+",5723.0,5278.0,5498.0,5600.0,5582.0,5869.0,1,2,2,Käpylä   (Helsinki )
272,00620,"Blocks of flats, three-room flat+",4331.875,4446.0,4465.0,4484.0,4484.0,4484.0,1,2,2,Metsälä-Etelä-Oulunkylä   (Helsinki )
278,00630,"Blocks of flats, three-room flat+",3003.0,3097.0,3191.0,2902.0,3792.0,3792.0,3,3,3,Maunula-Suursuo   (Helsinki )
284,00640,"Blocks of flats, three-room flat+",3344.0,3631.0,3751.5,3872.0,4184.0,3992.0,3,7,7,Oulunkylä-Patola   (Helsinki )
290,00650,"Blocks of flats, three-room flat+",3125.0,3125.0,3125.0,3125.0,3125.0,3125.0,3,3,3,Veräjämäki   (Helsinki )
320,00700,"Blocks of flats, three-room flat+",2731.0,2828.0,3112.0,3061.0,3010.0,2944.0,3,3,3,Malmi   (Helsinki )
326,00710,"Blocks of flats, three-room flat+",2539.0,2561.0,2583.0,2620.0,2753.0,2537.0,2,5,5,Pihlajamäki   (Helsinki )
332,00720,"Blocks of flats, three-room flat+",3114.0,3055.0,3145.0,2943.0,3300.0,2961.0,3,3,3,Pukinmäki-Savela   (Helsinki )
338,00730,"Blocks of flats, three-room flat+",2849.3333333333335,3013.6666666666665,3178.0,3269.0,3360.0,3136.0,3,3,3,Tapanila   (Helsinki )
344,00740,"Blocks of flats, three-room flat+",2353.5,2571.0,1772.0,2506.0,2411.0,1975.0,2,5,5,Siltamäki   (Helsinki )
350,00750,"Blocks of flats, three-room flat+",2249.125,2300.75,2352.375,2404.0,2404.0,2404.0,2,5,5,Puistola   (Helsinki )
362,00770,"Blocks of flats, three-room flat+",1647.3333333333333,1620.0,1624.0,1628.0,1711.0,1711.0,4,4,4,Jakomäki - Alppikylä   (Helsinki )
368,00780,"Blocks of flats, three-room flat+",2962.0,3046.0,3130.0,3214.0,3298.0,3298.0,3,3,3,Tapaninvainio   (Helsinki )
374,00790,"Blocks of flats, three-room flat+",4124.0,4303.5,4483.0,4435.0,4423.0,4411.0,1,2,2,Viikki   (Helsinki )
380,00800,"Blocks of flats, three-room flat+",5317.0,5325.0,5333.0,5263.0,4235.0,4235.0,1,2,2,Länsi-Herttoniemi   (Helsinki )
386,00810,"Blocks of flats, three-room flat+",4723.0,5155.0,4932.0,5341.0,5467.0,5588.0,1,2,2,Herttoniemi   (Helsinki )
392,00820,"Blocks of flats, three-room flat+",3391.5,3790.0,3841.0,3965.0,4167.5,4370.0,3,7,7,Roihuvuori   (Helsinki )
404,00840,"Blocks of flats, three-room flat+",3181.0,3314.5,3448.0,3500.0,3403.0,3320.0,3,3,3,Laajasalo   (Helsinki )
416,00870,"Blocks of flats, three-room flat+",2634.090909090909,2643.818181818182,2653.5454545454545,2663.272727272727,2673.0,2673.0,2,5,5,Etelä-Laajasalo   (Helsinki )
428,00900,"Blocks of flats, three-room flat+",2703.0,2605.0,2730.0,2652.0,2738.0,2785.0,2,5,5,Puotinharju   (Helsinki )
434,00910,"Blocks of flats, three-room flat+",2579.0,3020.0,3167.0,2885.0,3028.0,3507.0,3,3,3,Puotila   (Helsinki )
440,00920,"Blocks of flats, three-room flat+",2566.0,2570.0,2574.0,2729.0,2738.0,2777.0,2,5,5,Myllypuro   (Helsinki )
446,00930,"Blocks of flats, three-room flat+",2676.2,2689.8,2703.4,2717.0,2940.0,2940.0,2,5,5,Itäkeskus-Marjaniemi   (Helsinki )
452,00940,"Blocks of flats, three-room flat+",2058.0,1982.0,2181.0,2204.0,2341.0,2420.0,2,5,5,Kontula - Vesala   (Helsinki )
458,00950,"Blocks of flats, three-room flat+",,,3430.0,3586.0,3742.0,3898.0,3,7,7,Vartioharju   (Helsinki )
464,00960,"Blocks of flats, three-room flat+",2850.0,2884.0,2823.0,2762.0,2701.0,2701.0,2,5,5,Pohjois-Vuosaari   (Helsinki )
470,00970,"Blocks of flats, three-room flat+",2193.0,2139.0,1945.0,1989.0,2232.0,2210.0,2,5,5,Mellunmäki   (Helsinki )
476,00980,"Blocks of flats, three-room flat+",2963.0,3036.5,3110.0,3240.0,3030.0,3111.0,3,3,3,Etelä-Vuosaari   (Helsinki )
482,00990,"Blocks of flats, three-room flat+",4700.0,4396.0,4940.0,4659.0,4906.0,4906.0,1,2,2,Aurinkolahti   (Helsinki )
494,01150,"Blocks of flats, three-room flat+",,,,3054.0,3054.0,3054.0,3,3,3,Söderkulla   (Sipoo )
500,01200,"Blocks of flats, three-room flat+",1687.0,1659.0,1564.5,1470.0,1780.0,1780.0,4,4,4,Hakunila   (Vantaa )
518,01280,"Blocks of flats, three-room flat+",1685.0,1808.0,1846.5,1885.0,1895.5,1906.0,4,4,4,Länsimäki   (Vantaa )
524,01300,"Blocks of flats, three-room flat+",3333.0,3242.0,3520.0,3300.0,3246.0,3347.0,3,3,3,Tikkurila   (Vantaa )
536,01350,"Blocks of flats, three-room flat+",2528.0,2318.0,2387.0,2498.0,2319.0,2491.0,2,5,5,Hiekkaharju   (Vantaa )
542,01360,"Blocks of flats, three-room flat+",1754.0,1905.0,1767.0,1838.0,1830.0,1659.0,4,4,4,Koivukylä-Havukoski   (Vantaa )
548,01370,"Blocks of flats, three-room flat+",3028.0,3201.5,3375.0,3321.3333333333335,3267.6666666666665,3214.0,3,3,3,Jokiniemi   (Vantaa )
578,01450,"Blocks of flats, three-room flat+",2178.75,2241.5,2304.25,2367.0,2132.5,1898.0,2,5,5,Korso   (Vantaa )
584,01480,"Blocks of flats, three-room flat+",1827.0,1811.0,1795.0,1858.0,1921.0,1921.0,4,4,4,Mikkola   (Vantaa )
596,01510,"Blocks of flats, three-room flat+",3844.2,3857.6,3871.0,3806.0,4082.0,4082.0,3,7,7,Kirkonkylä-Veromäki   (Vantaa )
602,01520,"Blocks of flats, three-room flat+",3607.3333333333335,3778.0,3877.0,3740.5,3604.0,3604.0,3,7,7,Tammisto   (Vantaa )
614,01600,"Blocks of flats, three-room flat+",2294.0,2254.0,2285.0,2322.0,2273.0,2186.0,2,5,5,Myyrmäki   (Vantaa )
620,01610,"Blocks of flats, three-room flat+",3056.0,2719.5,2383.0,2579.0,3161.0,3311.0,3,3,3,Kaivoksela   (Vantaa )
626,01620,"Blocks of flats, three-room flat+",2244.0,2140.0,1859.0,1928.0,1882.0,2115.0,2,5,5,Martinlaakso   (Vantaa )
638,01640,"Blocks of flats, three-room flat+",3077.0,3077.0,3077.0,3077.0,3077.0,3077.0,3,3,3,Hämevaara   (Vantaa )
644,01650,"Blocks of flats, three-room flat+",1514.0,1514.0,1514.0,1514.0,1514.0,1514.0,4,0,0,Vapaala   (Vantaa )
674,01700,"Blocks of flats, three-room flat+",,,4002.0,3957.0,3926.0,3895.0,3,7,7,Kivistö   (Vantaa )
680,01710,"Blocks of flats, three-room flat+",2064.0,2246.0,2297.0,2505.0,2374.5,2244.0,2,5,5,Pähkinärinne   (Vantaa )
692,01730,"Blocks of flats, three-room flat+",1931.0,1931.0,1931.0,1931.0,1931.0,1931.0,2,5,5,Vantaanpuisto   (Vantaa )
710,01800,"Blocks of flats, three-room flat+",1698.1666666666667,1777.3333333333333,1856.5,1935.6666666666667,2014.8333333333335,2094.0,4,4,4,Klaukkala Keskus   (Nurmijärvi )
740,01900,"Blocks of flats, three-room flat+",1772.0,1890.0,1623.0,1741.0,1739.0,1739.0,4,4,4,Nurmijärvi Keskus   (Nurmijärvi )
752,02100,"Blocks of flats, three-room flat+",5625.0,5451.0,6112.0,5314.0,5825.0,5628.0,1,2,2,Tapiola   (Espoo )
758,02110,"Blocks of flats, three-room flat+",5142.0,5046.0,5211.333333333333,5376.666666666667,5542.0,5603.0,1,2,2,Otsolahti   (Espoo )
764,02120,"Blocks of flats, three-room flat+",4949.0,4967.0,5056.0,5145.0,5474.0,5414.0,1,2,2,Länsikorkee-Suvikumpu   (Espoo )
770,02130,"Blocks of flats, three-room flat+",4224.2,4293.8,4363.4,4433.0,4563.5,4694.0,1,2,2,Pohjois-Tapiola   (Espoo )
788,02160,"Blocks of flats, three-room flat+",4875.0,4875.0,4875.0,4875.0,4875.0,4875.0,1,2,2,Westend   (Espoo )
794,02170,"Blocks of flats, three-room flat+",4323.0,3793.0,4917.0,4547.0,4478.0,4703.0,1,2,2,Haukilahti   (Espoo )
806,02200,"Blocks of flats, three-room flat+",4437.0,4509.0,4581.0,4238.0,4585.0,4981.0,1,2,2,Niittykumpu   (Espoo )
812,02210,"Blocks of flats, three-room flat+",2768.0,2813.0,3072.0,2967.0,2862.0,2876.0,3,3,3,Olari   (Espoo )
818,02230,"Blocks of flats, three-room flat+",3554.0,3581.0,3480.0,3744.0,4170.0,4170.0,3,7,7,Matinkylä   (Espoo )
836,02260,"Blocks of flats, three-room flat+",2433.0,2433.0,2433.0,2433.0,2433.0,2433.0,2,5,5,Kaitaa   (Espoo )
860,02320,"Blocks of flats, three-room flat+",2858.0,2870.0,2685.0,2851.0,2498.0,2893.0,2,5,5,Espoonlahti   (Espoo )
866,02330,"Blocks of flats, three-room flat+",3977.0,3988.0,3999.0,3871.0,4168.0,4168.0,3,7,7,Saunalahti-Kattilalaakso   (Espoo )
878,02360,"Blocks of flats, three-room flat+",2350.0,2760.0,2467.0,2409.0,2681.0,2821.0,2,5,5,Soukka   (Espoo )
896,02400,"Blocks of flats, three-room flat+",2169.0,2002.0,1835.0,1668.0,1668.0,1668.0,4,4,4,Kirkkonummi Keskus   (Kirkkonummi )
902,02410,"Blocks of flats, three-room flat+",1421.0,1421.0,1421.0,1421.0,1421.0,1421.0,4,0,0,Gesterby   (Kirkkonummi )
914,02430,"Blocks of flats, three-room flat+",,,,1578.0,1578.0,1578.0,4,4,4,Masala   (Kirkkonummi )
986,02600,"Blocks of flats, three-room flat+",4017.0,3880.0,3971.0,4016.0,3950.0,4102.0,3,7,7,Etelä-Leppävaara   (Espoo )
992,02610,"Blocks of flats, three-room flat+",3409.0,3409.0,3409.0,3409.0,3409.0,3409.0,3,3,3,Kilo   (Espoo )
998,02620,"Blocks of flats, three-room flat+",2776.0,2528.0,2254.0,2476.0,2698.0,2908.0,2,5,5,Karakallio   (Espoo )
1010,02650,"Blocks of flats, three-room flat+",3576.0,3971.0,3697.0,3764.0,4079.0,3905.0,3,7,7,Pohjois-Leppävaara   (Espoo )
1028,02700,"Blocks of flats, three-room flat+",3895.0,4192.0,3936.0,4401.0,4083.0,4286.0,3,7,7,Kauniainen   (Kauniainen )
1034,02710,"Blocks of flats, three-room flat+",1860.0,2006.0,2343.0,2412.0,2767.0,2616.0,2,5,5,Viherlaakso   (Espoo )
1040,02720,"Blocks of flats, three-room flat+",3073.6,3034.3,2995.0,3086.0,3086.0,3086.0,3,3,3,Lähderanta   (Espoo )
1058,02750,"Blocks of flats, three-room flat+",3337.0,3337.0,3337.0,3337.0,3337.0,3337.0,3,3,3,Sepänkylä-Kuurinniitty   (Espoo )
1064,02760,"Blocks of flats, three-room flat+",2557.0,2757.0,3051.0,2819.0,2599.0,2550.0,2,5,5,Tuomarila-Suvela   (Espoo )
1070,02770,"Blocks of flats, three-room flat+",2582.764705882353,2594.176470588235,2605.5882352941176,2617.0,2363.0,2363.0,2,5,5,Espoon Keskus   (Espoo )
1076,02780,"Blocks of flats, three-room flat+",2725.0,2899.6666666666665,3074.3333333333335,3249.0,3249.0,3249.0,3,3,3,Kauklahti   (Espoo )
1112,02940,"Blocks of flats, three-room flat+",,,,,3236.0,3236.0,3,3,3,Lippajärvi-Järvenperä   (Espoo )
1130,03100,"Blocks of flats, three-room flat+",1638.4,1685.6,1732.8,1780.0,1858.0,1936.0,4,4,4,Nummela   (Vihti )
1166,03600,"Blocks of flats, three-room flat+",1007.7777777777778,998.8333333333334,989.8888888888889,980.9444444444445,972.0,972.0,5,1,9,Karkkila Keskus   (Karkkila )
1190,04130,"Blocks of flats, three-room flat+",2108.4,2202.2,2296.0,2860.0,2203.0,2203.0,2,5,5,Sipoo   (Sipoo )
1196,04200,"Blocks of flats, three-room flat+",2256.5,2080.0,1709.0,2159.0,2102.0,2530.0,2,5,5,Kerava Keskus   (Kerava )
1202,04220,"Blocks of flats, three-room flat+",2398.0,2398.0,2398.0,2398.0,2398.0,2398.0,2,5,5,Ahjo-Kaskela   (Kerava )
1208,04230,"Blocks of flats, three-room flat+",2077.0,2077.0,2077.0,2077.0,2077.0,2077.0,2,5,5,Pihkaniitty   (Kerava )
1220,04250,"Blocks of flats, three-room flat+",2404.0,2410.6666666666665,2417.3333333333335,2424.0,2424.0,2424.0,2,5,5,Alikerava   (Kerava )
1226,04260,"Blocks of flats, three-room flat+",1853.0,1868.3333333333333,1883.6666666666667,1899.0,2123.0,2123.0,2,5,5,Savio   (Kerava )
1232,04300,"Blocks of flats, three-room flat+",2250.0,2248.0,2246.0,2244.0,1947.0,2763.0,2,5,5,Hyrylä   (Tuusula )
1244,04320,"Blocks of flats, three-room flat+",1783.0,1783.0,1783.0,1783.0,1783.0,1783.0,4,4,4,Riihikallio   (Tuusula )
1280,04400,"Blocks of flats, three-room flat+",2437.0,2184.0,2395.0,2157.0,2249.0,2765.0,2,5,5,Loutti   (Järvenpää )
1286,04410,"Blocks of flats, three-room flat+",1839.0,1962.5,2086.0,2116.0,1598.0,2763.0,2,5,5,Järvenpää Keskus   (Järvenpää )
1298,04430,"Blocks of flats, three-room flat+",2580.0,2580.0,2580.0,2580.0,2580.0,2580.0,2,5,5,Kinnari-Mikonkorpi   (Järvenpää )
1328,04600,"Blocks of flats, three-room flat+",1764.0,1764.0,1764.0,1764.0,1764.0,1764.0,4,4,4,Mäntsälä Keskus   (Mäntsälä )
1376,05400,"Blocks of flats, three-room flat+",2064.0,2064.0,2064.0,2064.0,2064.0,2064.0,2,5,5,Jokela   (Tuusula )
1424,05800,"Blocks of flats, three-room flat+",1980.0,1878.0,1835.0,2222.0,1841.0,1707.0,4,4,4,Hyvinkää Keskus   (Hyvinkää )
1436,05820,"Blocks of flats, three-room flat+",1273.0,1273.0,1273.0,1273.0,1273.0,1273.0,4,0,0,Mustamännistö   (Hyvinkää )
1442,05830,"Blocks of flats, three-room flat+",1938.3333333333333,1973.1666666666667,2008.0,2008.0,2008.0,2008.0,2,5,5,Kirjavatolppa-Kruununpuisto   (Hyvinkää )
1460,05880,"Blocks of flats, three-room flat+",943.0,943.0,943.0,943.0,943.0,943.0,5,1,9,Paavola-Vaivero   (Hyvinkää )
1466,05900,"Blocks of flats, three-room flat+",1489.0,1417.5,1346.0,1533.5,1721.0,1289.0,4,0,0,Vieremä   (Hyvinkää )
1472,06100,"Blocks of flats, three-room flat+",2620.0,2773.0,2487.0,2638.0,2927.0,2956.0,2,5,5,Porvoo Keskus   (Porvoo )
1478,06150,"Blocks of flats, three-room flat+",1840.0,1840.0,1840.0,1840.0,1840.0,1840.0,4,4,4,Kevätkumpu   (Porvoo )
1496,06450,"Blocks of flats, three-room flat+",1411.0,1411.0,1411.0,1411.0,1411.0,1411.0,4,0,0,Eestinmäki-Ernestas   (Porvoo )
1664,07900,"Blocks of flats, three-room flat+",1748.0625,1733.375,1718.6875,1704.0,1704.0,1704.0,4,4,4,Loviisa Keskus   (Loviisa )
1712,08100,"Blocks of flats, three-room flat+",2111.0,2388.0,2432.0,1883.0,2041.0,2458.0,2,5,5,Lohja Keskus   (Lohja )
1724,08200,"Blocks of flats, three-room flat+",1031.0,1118.0,1094.0,1220.0,1139.0,1058.0,5,1,8,Ojamo   (Lohja )
1754,08700,"Blocks of flats, three-room flat+",1394.5263157894738,1420.6842105263158,1446.842105263158,1473.0,1141.0,809.0,4,0,0,Virkkala   (Lohja )
1760,08800,"Blocks of flats, three-room flat+",863.0,863.0,863.0,863.0,863.0,863.0,5,1,9,Kirkniemi   (Lohja )
1808,10300,"Blocks of flats, three-room flat+",1246.0,1190.6666666666667,1135.3333333333333,1080.0,1251.0,1273.0,5,1,8,Karjaa Keskus   (Raasepori )
1868,10600,"Blocks of flats, three-room flat+",2372.8,2296.4,2220.0,2296.0,2296.0,2296.0,2,5,5,Tammisaari Keskus   (Raasepori )
1886,10650,"Blocks of flats, three-room flat+",736.0,736.0,736.0,736.0,736.0,736.0,5,1,1,Flyet   (Raasepori )
1916,10900,"Blocks of flats, three-room flat+",1341.0,1229.0,1900.0,1248.0,1206.0,2155.0,4,4,4,Hanko Keskus   (Hanko )
1934,11100,"Blocks of flats, three-room flat+",1437.0,1199.0,1516.0,1522.0,1583.0,1469.0,4,0,0,Riihimäki Keskus   (Riihimäki )
1940,11120,"Blocks of flats, three-room flat+",1127.0,1127.0,1127.0,1127.0,1127.0,1127.0,5,1,8,Pohjois-Riihimäki   (Riihimäki )
1946,11130,"Blocks of flats, three-room flat+",1348.0,1317.6666666666667,1287.3333333333333,1257.0,1092.5,928.0,4,0,0,Peltosaari-Patastenmäki   (Riihimäki )
2000,12400,"Blocks of flats, three-room flat+",997.0,997.0,997.0,997.0,997.0,997.0,5,1,9,Tervakoski   (Janakkala )
2030,13100,"Blocks of flats, three-room flat+",2014.0,2265.0,2162.0,1731.0,1732.0,1989.0,2,5,5,Hämeenlinna Keskus   (Hämeenlinna )
2042,13130,"Blocks of flats, three-room flat+",1440.3333333333333,1375.6666666666667,1311.0,1423.0,1371.0,1650.0,4,0,0,Kauriala   (Hämeenlinna )
2048,13200,"Blocks of flats, three-room flat+",2316.0,2316.0,2316.0,2316.0,2316.0,2316.0,2,5,5,Keinusaari   (Hämeenlinna )
2054,13210,"Blocks of flats, three-room flat+",1227.857142857143,1295.2857142857142,1362.7142857142858,1430.142857142857,1497.5714285714284,1565.0,4,0,0,Hätilä   (Hämeenlinna )
2096,13500,"Blocks of flats, three-room flat+",1008.0,1008.0,1008.0,1008.0,1008.0,1008.0,5,1,9,Jukola   (Hattula )
2102,13600,"Blocks of flats, three-room flat+",1085.0,1085.0,1085.0,1085.0,1085.0,1085.0,5,1,8,Ojoinen   (Hämeenlinna )
2138,14200,"Blocks of flats, three-room flat+",1087.0,1087.0,1087.0,1087.0,1087.0,1087.0,5,1,8,Turenki   (Janakkala )
2198,15100,"Blocks of flats, three-room flat+",1935.0,1957.6666666666667,1980.3333333333333,2003.0,2131.0,1998.0,2,5,5,Lahti Asemanseutu   (Lahti )
2204,15110,"Blocks of flats, three-room flat+",2088.0,2262.5,2437.0,2254.0,1917.0,2229.0,2,5,5,Keski-Lahti   (Lahti )
2210,15140,"Blocks of flats, three-room flat+",2491.0,2096.0,2126.0,2447.0,2421.0,2488.0,2,5,5,Kartano-Paavola   (Lahti )
2216,15150,"Blocks of flats, three-room flat+",1429.0,1437.0,1445.0,1766.0,1766.0,1766.0,4,4,4,Möysä   (Lahti )
2228,15170,"Blocks of flats, three-room flat+",920.0,911.0,902.0,893.0,884.0,1173.0,5,1,9,Tenava-Tonttila   (Lahti )
2234,15200,"Blocks of flats, three-room flat+",1077.6470588235295,1056.235294117647,1034.8235294117649,1013.4117647058824,992.0,992.0,5,1,9,Kiveriö   (Lahti )
2240,15210,"Blocks of flats, three-room flat+",1409.0,1308.0,1141.0,1225.0,1372.0,1318.0,4,0,0,Kivistönmäki   (Lahti )
2252,15240,"Blocks of flats, three-room flat+",1011.3333333333334,1027.6666666666667,1044.0,1081.0,1054.0,1027.0,5,1,8,Mukkula   (Lahti )
2282,15500,"Blocks of flats, three-room flat+",876.9285714285714,864.2857142857142,851.6428571428571,839.0,839.0,839.0,5,1,9,Liipola   (Lahti )
2288,15520,"Blocks of flats, three-room flat+",1258.142857142857,1232.4285714285713,1206.7142857142858,1181.0,1181.0,1181.0,4,0,0,Saksala   (Lahti )
2300,15550,"Blocks of flats, three-room flat+",946.0,946.0,946.0,946.0,946.0,946.0,5,1,9,Rakokivi   (Lahti )
2324,15700,"Blocks of flats, three-room flat+",1692.0,1407.0,1626.0,1845.0,2064.0,2064.0,4,4,4,Hennala-Jokimaa   (Hollola )
2330,15800,"Blocks of flats, three-room flat+",1544.0,1544.0,1544.0,1544.0,1544.0,1544.0,4,4,4,Kärpänen   (Lahti )
2342,15830,"Blocks of flats, three-room flat+",964.8571428571429,946.2857142857142,927.7142857142857,909.1428571428571,890.5714285714286,872.0,5,1,9,Metsäkangas   (Lahti )
2360,15860,"Blocks of flats, three-room flat+",955.25,957.0,958.75,960.5,962.25,964.0,5,1,9,Kartano   (Hollola )
2366,15870,"Blocks of flats, three-room flat+",951.0,951.0,951.0,951.0,951.0,951.0,5,1,9,Salpakangas   (Hollola )
2372,15880,"Blocks of flats, three-room flat+",646.0,646.0,646.0,646.0,646.0,646.0,5,1,1,Soramäki   (Hollola )
2384,15950,"Blocks of flats, three-room flat+",1515.0,1492.0,1521.75,1551.5,1581.25,1611.0,4,4,4,Kiikkula   (Lahti )
2414,16300,"Blocks of flats, three-room flat+",771.0,771.0,771.0,771.0,771.0,771.0,5,1,1,Orimattila Keskus   (Orimattila )
2480,17200,"Blocks of flats, three-room flat+",,,1176.0,1176.0,1176.0,1176.0,5,1,8,Vääksy Keskus   (Asikkala )
2504,18100,"Blocks of flats, three-room flat+",1236.0,1182.0,1128.0,1229.0,1392.0,1086.0,4,0,0,Heinola Keskus   (Heinola )
2516,18130,"Blocks of flats, three-room flat+",807.0,807.0,807.0,807.0,807.0,807.0,5,1,9,Tommola-Sahanniemi   (Heinola )
2642,20100,"Blocks of flats, three-room flat+",3180.0,3164.0,3298.0,3504.0,3369.0,3438.0,3,3,3,Turku Keskus   (Turku )
2648,20200,"Blocks of flats, three-room flat+",2543.076923076923,2591.3076923076924,2639.5384615384614,2687.769230769231,2736.0,2736.0,2,5,5,Iso-Heikkilä   (Turku )
2654,20210,"Blocks of flats, three-room flat+",1124.0,1060.5,997.0,1245.0,1183.0,1183.0,5,1,8,Pahaniemi   (Turku )
2660,20240,"Blocks of flats, three-room flat+",1111.0,1111.0,1111.0,1111.0,1111.0,1111.0,5,1,8,Pansio-Perno   (Turku )
2672,20300,"Blocks of flats, three-room flat+",1912.0,2312.0,2404.3333333333335,2496.6666666666665,2589.0,3049.0,2,5,5,Pohjola-Kastu   (Turku )
2678,20320,"Blocks of flats, three-room flat+",1793.0,1660.0,1542.0,1611.0,1760.5,1910.0,4,4,4,Kuninkoja-Mälikkälä   (Turku )
2684,20360,"Blocks of flats, three-room flat+",1327.0,1385.0,1216.0,1365.0,1282.0,1307.0,4,0,0,Kärsämäki-Urusvuori-Halinen   (Turku )
2702,20460,"Blocks of flats, three-room flat+",957.2,968.4666666666667,979.7333333333333,991.0,991.0,991.0,5,1,9,Jäkärlä   (Turku )
2708,20500,"Blocks of flats, three-room flat+",3236.0,2903.0,3202.0,3539.0,3164.0,3308.0,3,3,3,Vesilinna   (Turku )
2714,20520,"Blocks of flats, three-room flat+",3263.0,3253.0,3243.0,3354.6666666666665,3466.3333333333335,3578.0,3,3,3,Kupittaa   (Turku )
2720,20540,"Blocks of flats, three-room flat+",1985.0,2005.0,2050.0,2091.0,1986.0,1986.0,2,5,5,Nummi-Ylioppilaskylä   (Turku )
2726,20610,"Blocks of flats, three-room flat+",1070.0,1105.0,1267.0,1165.0,1123.0,1123.0,5,1,8,Varissuo   (Turku )
2732,20660,"Blocks of flats, three-room flat+",2007.0,2007.0,2007.0,2007.0,2007.0,2007.0,2,5,5,Littoinen   (Kaarina )
2738,20700,"Blocks of flats, three-room flat+",2995.0,2987.5,2980.0,3058.0,3575.0,2986.0,3,3,3,Vartiovuori-Samppalinna   (Turku )
2744,20720,"Blocks of flats, three-room flat+",2028.0,2181.0,2258.0,2398.0,2363.0,2216.0,2,5,5,Vasaramäki   (Turku )
2756,20740,"Blocks of flats, three-room flat+",1565.0,1690.0,1602.0,1651.0,1745.0,1649.0,4,4,4,Ilpoinen-Harittu   (Turku )
2762,20750,"Blocks of flats, three-room flat+",1038.0,911.0,1063.0,948.0,948.0,948.0,5,1,9,Huhkola-Lauste-Vaala   (Turku )
2768,20760,"Blocks of flats, three-room flat+",1896.6,1894.8,1893.0,1771.0,2111.0,1826.0,4,4,4,Piispanristi   (Kaarina )
2774,20780,"Blocks of flats, three-room flat+",1295.0,1459.0,1623.0,1623.0,1623.0,1623.0,4,4,4,Kaarina Keskus   (Kaarina )
2780,20810,"Blocks of flats, three-room flat+",2880.0,3005.0,2728.0,2981.0,3016.0,3271.0,3,3,3,Martti-Korppolaismäki   (Turku )
2786,20880,"Blocks of flats, three-room flat+",1916.0,2079.0,2073.0,1919.0,1772.0,1997.0,2,5,5,Uittamo   (Turku )
2804,21100,"Blocks of flats, three-room flat+",2234.0,2446.0,2089.5,1733.0,1733.0,1733.0,2,5,5,Naantali Keskus   (Naantali )
2810,21110,"Blocks of flats, three-room flat+",1468.0,1468.0,1468.0,1468.0,1468.0,1468.0,4,0,0,Taimo-Nuhjala-Lietsala   (Naantali )
2852,21200,"Blocks of flats, three-room flat+",1403.0,1487.0,1634.0,1616.0,1598.0,1835.0,4,4,4,Raisio Keskus   (Raisio )
2954,21420,"Blocks of flats, three-room flat+",1955.0,2031.0,2107.0,2107.0,2107.0,2107.0,2,5,5,Lieto Keskus   (Lieto )
2978,21500,"Blocks of flats, three-room flat+",1209.0,1209.0,1209.0,1209.0,1209.0,1209.0,4,0,0,Piikkiö   (Kaarina )
2984,21530,"Blocks of flats, three-room flat+",1000.0,1010.0,1010.0,1010.0,1010.0,1010.0,5,1,9,Paimio Keskus   (Paimio )
3014,21600,"Blocks of flats, three-room flat+",1249.1666666666667,1291.3333333333333,1333.5,1375.6666666666667,1417.8333333333333,1460.0,4,0,0,Parainen Keskus   (Parainen )
3170,23500,"Blocks of flats, three-room flat+",980.0,1036.0,998.0,960.0,960.0,960.0,5,1,9,Uusikaupunki Keskus   (Uusikaupunki )
3182,23800,"Blocks of flats, three-room flat+",992.0,992.0,992.0,992.0,992.0,992.0,5,1,9,Laitila Keskus   (Laitila )
3200,24100,"Blocks of flats, three-room flat+",1342.0,1454.0,1755.0,1415.0,1659.0,1476.0,4,4,4,Salo Keskus   (Salo )
3212,24240,"Blocks of flats, three-room flat+",993.0,993.0,993.0,993.0,993.0,993.0,5,1,9,Rappula   (Salo )
3230,24800,"Blocks of flats, three-room flat+",837.0,837.0,837.0,837.0,837.0,837.0,5,1,9,Halikko Keskus   (Salo )
3446,26100,"Blocks of flats, three-room flat+",1491.0,1249.0,1192.0,1615.0,1179.0,1179.0,4,0,0,Rauma Keskus   (Rauma )
3452,26200,"Blocks of flats, three-room flat+",858.0,858.0,858.0,858.0,858.0,858.0,5,1,9,Merirauma-Kappelinluhta   (Rauma )
3470,26660,"Blocks of flats, three-room flat+",887.5,878.875,870.25,861.625,853.0,853.0,5,1,9,Paroalho   (Rauma )
3632,28100,"Blocks of flats, three-room flat+",2174.0,2014.0,1785.0,1734.0,1884.0,2034.0,2,5,5,Pori Keskus   (Pori )
3638,28120,"Blocks of flats, three-room flat+",1225.0,1225.0,1225.0,1225.0,1225.0,1225.0,4,0,0,Käppärä-Isomäki   (Pori )
3644,28130,"Blocks of flats, three-room flat+",1267.75,1134.0,1537.0,1201.0,1279.0,1279.0,4,0,0,Impola   (Pori )
3650,28190,"Blocks of flats, three-room flat+",692.0,692.0,692.0,692.0,692.0,692.0,5,1,1,Pormestarinluoto   (Pori )
3686,28330,"Blocks of flats, three-room flat+",650.0,650.0,650.0,650.0,650.0,650.0,5,1,1,Koivistonluoto   (Pori )
3692,28360,"Blocks of flats, three-room flat+",1096.2857142857142,1080.857142857143,1065.4285714285713,1050.0,967.0,776.0,5,1,9,Vanhakoivisto   (Pori )
3698,28370,"Blocks of flats, three-room flat+",829.0,829.0,829.0,829.0,829.0,829.0,5,1,9,Sampola   (Pori )
3704,28400,"Blocks of flats, three-room flat+",713.0,713.0,713.0,713.0,713.0,713.0,5,1,1,Ulvila Keskus   (Ulvila )
3716,28450,"Blocks of flats, three-room flat+",890.0,890.0,890.0,890.0,890.0,890.0,5,1,9,Vanha-Ulvila   (Ulvila )
3788,29200,"Blocks of flats, three-room flat+",737.0,737.0,737.0,737.0,737.0,737.0,5,1,1,Harjavalta Keskus   (Harjavalta )
3860,30100,"Blocks of flats, three-room flat+",1309.0,1232.5,1156.0,1169.0,1182.0,1195.0,4,0,0,Forssa Keskus   (Tammela )
3866,30300,"Blocks of flats, three-room flat+",650.0,650.0,650.0,650.0,650.0,650.0,5,1,1,Viksberg   (Forssa )
3872,30420,"Blocks of flats, three-room flat+",1050.0,1064.0,1078.0,1092.0,1106.0,1120.0,5,1,8,Tölö   (Forssa )
3980,32200,"Blocks of flats, three-room flat+",1172.0,1172.0,1172.0,1172.0,1172.0,1172.0,5,1,8,Loimaa Keskus   (Loimaa )
4046,32700,"Blocks of flats, three-room flat+",810.0,810.0,810.0,810.0,810.0,810.0,5,1,9,Huittinen Keskus   (Huittinen )
4088,33100,"Blocks of flats, three-room flat+",3907.75,3968.5,4029.25,4090.0,3927.0,4126.0,3,7,7,Tampere Keskus   (Tampere )
4094,33180,"Blocks of flats, three-room flat+",3657.0,3657.0,3657.0,3657.0,3657.0,3657.0,3,7,7,Lapinniemi-Käpylä   (Tampere )
4100,33200,"Blocks of flats, three-room flat+",3685.0,3656.0,3627.0,3408.0,3768.5,4129.0,3,7,7,Tampere Keskus Läntinen   (Tampere )
4106,33210,"Blocks of flats, three-room flat+",3789.0,3755.0,3728.0,3540.0,3911.0,4323.0,3,7,7,Itä-Amuri-Tammerkoski   (Tampere )
4112,33230,"Blocks of flats, three-room flat+",3511.0,3326.0,3207.0,3498.0,3149.0,3523.0,3,3,3,Länsi-Amuri   (Tampere )
4118,33240,"Blocks of flats, three-room flat+",3118.0,3118.0,3118.0,3118.0,3118.0,3118.0,3,3,3,Tahmela   (Tampere )
4130,33270,"Blocks of flats, three-room flat+",2133.0,2533.0,2169.0,2352.0,2385.0,2466.0,2,5,5,Epilä   (Tampere )
4136,33300,"Blocks of flats, three-room flat+",2287.75,2326.5625,2365.375,2404.1875,2443.0,2443.0,2,5,5,Rahola   (Tampere )
4142,33310,"Blocks of flats, three-room flat+",1370.0,1280.0,1317.0,1388.0,1460.0,1531.0,4,0,0,Tesoma   (Tampere )
4148,33330,"Blocks of flats, three-room flat+",1427.0,1427.0,1427.0,1427.0,1427.0,1427.0,4,0,0,Myllypuro-Kalkku   (Tampere )
4154,33340,"Blocks of flats, three-room flat+",1210.0,1210.0,1210.0,1210.0,1210.0,1210.0,4,0,0,Haukiluoma-Ikuri   (Tampere )
4160,33400,"Blocks of flats, three-room flat+",,,,3050.0,2462.0,2305.0,2,5,5,Luoteis-Tampere   (Tampere )
4166,33410,"Blocks of flats, three-room flat+",1804.5,1935.0,1938.0,1890.0,1842.0,1712.0,4,4,4,Lentävänniemi   (Tampere )
4190,33470,"Blocks of flats, three-room flat+",1655.2,1605.8,1556.4,1507.0,1507.0,1507.0,4,4,4,Ylöjärvi Keskus   (Ylöjärvi )
4202,33500,"Blocks of flats, three-room flat+",3349.0,3305.0,3212.0,3320.0,3428.0,3561.0,3,3,3,Osmonmäki-Petsamo   (Tampere )
4214,33530,"Blocks of flats, three-room flat+",2913.5,2907.25,2901.0,2962.0,2843.0,2843.0,3,3,3,Kissanmaa   (Tampere )
4220,33540,"Blocks of flats, three-room flat+",3268.0,3214.0,3123.0,3408.0,3550.0,3550.0,3,3,3,Kaleva   (Tampere )
4226,33560,"Blocks of flats, three-room flat+",1899.6666666666667,1945.3333333333333,1991.0,2256.0,2326.0,2396.0,2,5,5,Takahuhti   (Tampere )
4232,33580,"Blocks of flats, three-room flat+",2241.0,1990.0,2231.5,2473.0,2323.0,2306.0,2,5,5,Atala-Linnainmaa   (Tampere )
4256,33710,"Blocks of flats, three-room flat+",2043.0,1888.0,2025.0,1886.0,1966.0,2060.0,2,5,5,Kaukajärvi   (Tampere )
4262,33720,"Blocks of flats, three-room flat+",1604.0,1528.0,1528.0,1565.0,1710.0,1664.0,4,4,4,Hervanta   (Tampere )
4274,33800,"Blocks of flats, three-room flat+",2733.0,2738.6666666666665,2744.3333333333335,2750.0,2750.0,2750.0,2,5,5,Nekala   (Tampere )
4280,33820,"Blocks of flats, three-room flat+",2093.285714285714,2101.1428571428573,2109.0,1986.0,1986.0,1986.0,2,5,5,Koivistonkylä   (Tampere )
4286,33840,"Blocks of flats, three-room flat+",1542.0,1465.0,1414.0,1445.0,1408.0,1627.0,4,0,0,Peltolammi   (Tampere )
4292,33850,"Blocks of flats, three-room flat+",1223.0,1153.0,1083.0,1105.0,1127.0,1127.0,5,1,8,Multisilta   (Pirkkala )
4298,33870,"Blocks of flats, three-room flat+",3284.0,3330.0,3353.0,3191.0,3352.0,3513.0,3,3,3,Vuores   (Lempäälä )
4310,33900,"Blocks of flats, three-room flat+",2750.0,3280.0,3104.0,3016.0,3196.0,3331.0,3,3,3,Härmälä-Rantaperkiö   (Tampere )
4322,33950,"Blocks of flats, three-room flat+",2647.0,1684.0,2009.0,2334.0,2018.0,2060.0,2,5,5,Killo   (Pirkkala )
4328,33960,"Blocks of flats, three-room flat+",1981.0,2109.0,2237.0,2290.0,1802.0,1797.0,2,5,5,Suuppa   (Pirkkala )
4412,35300,"Blocks of flats, three-room flat+",1009.0,1009.0,1009.0,1009.0,1009.0,1009.0,5,1,9,Orivesi Keskus   (Orivesi )
4472,35800,"Blocks of flats, three-room flat+",642.3,635.0,635.0,635.0,635.0,635.0,5,1,1,Mänttä   (Mänttä-Vilppula )
4502,36200,"Blocks of flats, three-room flat+",2019.0,1783.0,1547.0,1692.0,1558.0,2368.0,4,4,4,Kangasala Keskus   (Kangasala )
4508,36220,"Blocks of flats, three-room flat+",1483.5,1461.0,1438.5,1416.0,1553.0,1435.0,4,0,0,Suorama   (Kangasala )
4514,36240,"Blocks of flats, three-room flat+",1378.625,1393.75,1408.875,1424.0,1711.0,1711.0,4,4,4,Nattari   (Kangasala )
4592,37100,"Blocks of flats, three-room flat+",1513.0,1369.0,1510.0,1550.0,1590.0,1842.0,4,4,4,Nokia Keskus   (Nokia )
4598,37120,"Blocks of flats, three-room flat+",1847.6666666666667,1819.3333333333333,1791.0,1735.5,1680.0,1680.0,4,4,4,Koskenmäki   (Nokia )
4616,37150,"Blocks of flats, three-room flat+",1137.0,1137.0,1137.0,1137.0,1137.0,1137.0,5,1,8,Kankaantaka   (Nokia )
4622,37200,"Blocks of flats, three-room flat+",645.0,645.0,645.0,645.0,645.0,645.0,5,1,1,Siuro   (Nokia )
4658,37500,"Blocks of flats, three-room flat+",1643.25,1708.5,1773.75,1839.0,1839.0,1839.0,4,4,4,Lempäälä Keskus   (Lempäälä )
4682,37600,"Blocks of flats, three-room flat+",1110.5,920.0,1198.0,943.0,1139.5,1336.0,5,1,8,Valkeakoski Keskus   (Valkeakoski )
4688,37630,"Blocks of flats, three-room flat+",917.0,899.5,882.0,910.6666666666666,939.3333333333334,968.0,5,1,9,Vääräkoivu   (Valkeakoski )
4700,37800,"Blocks of flats, three-room flat+",938.6,990.2,1041.8,1093.4,1145.0,1145.0,5,1,8,Toijala keskus   (Akaa )
4742,38200,"Blocks of flats, three-room flat+",1703.0,1478.5,1254.0,1302.0,1383.5,1465.0,4,0,0,Vammala Keskus   (Sastamala )
4808,38710,"Blocks of flats, three-room flat+",489.0,489.0,489.0,489.0,489.0,489.0,5,1,1,Myllymäki   (Kankaanpää )
4874,39500,"Blocks of flats, three-room flat+",851.0,851.0,851.0,851.0,851.0,851.0,5,1,9,Ikaalinen Keskus   (Ikaalinen )
4904,40100,"Blocks of flats, three-room flat+",2672.0,2571.0,2743.0,2617.0,2447.0,2778.0,2,5,5,Jyväskylä Keskus   (Jyväskylä )
4910,40200,"Blocks of flats, three-room flat+",2113.3333333333335,2003.0,2302.0,2601.0,2202.0,2805.0,2,5,5,Mannila-Taulumäki   (Jyväskylä )
4916,40250,"Blocks of flats, three-room flat+",1378.5714285714284,1336.9285714285713,1295.2857142857142,1253.642857142857,1212.0,1212.0,4,0,0,Ritoniemi-Lohikoski   (Jyväskylä )
4922,40270,"Blocks of flats, three-room flat+",1401.0,1401.0,1401.0,1401.0,1401.0,1401.0,4,0,0,Pappilanrinne-Pappilanvuori   (Jyväskylä )
4928,40320,"Blocks of flats, three-room flat+",1430.0,1539.0,1589.5,1640.0,1661.0,1528.0,4,4,4,Seppälän Teollisuusalue   (Jyväskylä )
4934,40340,"Blocks of flats, three-room flat+",726.0,770.5,815.0,629.0,665.0,842.0,5,1,1,Huhtasuo   (Jyväskylä )
4946,40420,"Blocks of flats, three-room flat+",874.0,874.0,874.0,874.0,874.0,874.0,5,1,9,Jyskä   (Jyväskylä )
4958,40520,"Blocks of flats, three-room flat+",2360.0,1878.0,1952.0,2025.0,2248.0,2248.0,2,5,5,Kuokkala-Ristikivi   (Jyväskylä )
4970,40600,"Blocks of flats, three-room flat+",2335.0,2335.0,2335.0,2335.0,2335.0,2335.0,2,5,5,Mattilanpelto   (Jyväskylä )
4988,40640,"Blocks of flats, three-room flat+",988.3333333333334,1075.0,1162.0,1019.5,877.0,856.0,5,1,9,Keltinmäki   (Jyväskylä )
4994,40700,"Blocks of flats, three-room flat+",2274.0,2378.5,2483.0,2321.5,2160.0,2024.0,2,5,5,Mäki-Matti   (Jyväskylä )
5000,40720,"Blocks of flats, three-room flat+",2211.0,2197.0,2221.5,2246.0,2270.5,2295.0,2,5,5,Nisula   (Jyväskylä )
5006,40740,"Blocks of flats, three-room flat+",1279.0,1175.0,1196.0,1541.0,1166.0,1338.0,4,0,0,Kortepohja   (Jyväskylä )
5012,40800,"Blocks of flats, three-room flat+",913.0,913.0,913.0,913.0,913.0,913.0,5,1,9,Vaajakoski   (Jyväskylä )
5018,40820,"Blocks of flats, three-room flat+",686.0,686.0,686.0,686.0,686.0,686.0,5,1,1,Vuoritsalo   (Jyväskylä )
5102,41330,"Blocks of flats, three-room flat+",518.0,518.0,518.0,518.0,518.0,518.0,5,1,1,Vihtavuori   (Laukaa )
5216,42100,"Blocks of flats, three-room flat+",699.0,699.0,699.0,699.0,699.0,699.0,5,1,1,Jämsä Keskus   (Jämsä )
5228,42300,"Blocks of flats, three-room flat+",463.0,463.0,463.0,463.0,463.0,463.0,5,1,1,Jämsänkoski Keskus   (Jämsä )
5246,42700,"Blocks of flats, three-room flat+",529.6666666666666,581.3333333333334,633.0,684.6666666666666,736.3333333333333,788.0,5,1,1,Keuruu Keskus   (Keuruu )
5330,44100,"Blocks of flats, three-room flat+",1177.0,1177.0,1177.0,1177.0,1177.0,1177.0,5,1,8,Äänekoski Keskus   (Äänekoski )
5354,44200,"Blocks of flats, three-room flat+",459.0,459.0,459.0,459.0,459.0,459.0,5,1,1,Suolahti Keskus   (Äänekoski )
5432,45100,"Blocks of flats, three-room flat+",1147.0,906.0,1231.0,1311.0,1159.0,1543.0,4,0,0,Kouvola Keskus   (Kouvola )
5450,45150,"Blocks of flats, three-room flat+",827.0,827.0,827.0,827.0,827.0,827.0,5,1,9,Kankaronmäki-Eskolanmäki   (Kouvola )
5456,45160,"Blocks of flats, three-room flat+",700.0,700.0,700.0,700.0,700.0,700.0,5,1,1,Lehtomäki   (Kouvola )
5462,45200,"Blocks of flats, three-room flat+",842.1818181818182,818.4545454545455,794.7272727272727,771.0,1023.0,1023.0,5,1,9,Tornionmäki   (Kouvola )
5498,45700,"Blocks of flats, three-room flat+",671.0,669.0,669.0,669.0,669.0,669.0,5,1,1,Kuusankoski Keskus   (Kouvola )
5552,46800,"Blocks of flats, three-room flat+",805.0,805.0,805.0,805.0,805.0,805.0,5,1,9,Myllykoski   (Kouvola )
5612,48100,"Blocks of flats, three-room flat+",1444.0,1541.0,1590.0,1416.0,1551.0,1533.0,4,4,4,Kotkansaari   (Kotka )
5660,48350,"Blocks of flats, three-room flat+",762.0,762.0,762.0,762.0,762.0,762.0,5,1,1,Karhuvuori   (Kotka )
5678,48600,"Blocks of flats, three-room flat+",1023.6666666666666,1035.3333333333333,1047.0,950.0,927.5,905.0,5,1,9,Karhula   (Kotka )
5768,49400,"Blocks of flats, three-room flat+",957.0,1021.0,1085.0,1149.0,1213.0,1277.0,5,1,8,Hamina Keskus   (Hamina )
5846,50100,"Blocks of flats, three-room flat+",1805.0,1805.0,1743.0,1732.0,1524.0,1956.0,4,4,4,Mikkeli Keskus   (Mikkeli )
5852,50120,"Blocks of flats, three-room flat+",1061.0,1061.0,1061.0,1061.0,1061.0,1061.0,5,1,8,Siekkilä   (Mikkeli )
5870,50160,"Blocks of flats, three-room flat+",653.0,653.0,653.0,653.0,653.0,653.0,5,1,1,Kattilansilta   (Mikkeli )
5876,50170,"Blocks of flats, three-room flat+",1356.875,1350.25,1343.625,1337.0,1337.0,1337.0,4,0,0,Peitsari   (Mikkeli )
5888,50190,"Blocks of flats, three-room flat+",719.0,719.0,719.0,719.0,719.0,719.0,5,1,1,Tuppurala   (Mikkeli )
6020,53100,"Blocks of flats, three-room flat+",2160.0,2127.0,2094.0,2089.0,2084.0,2357.0,2,5,5,Lappeenranta keskus   (Lappeenranta )
6032,53200,"Blocks of flats, three-room flat+",1301.0,1301.0,1301.0,1301.0,1301.0,1301.0,4,0,0,Kaukas-Tirilä   (Lappeenranta )
6068,53600,"Blocks of flats, three-room flat+",2337.4545454545455,2345.090909090909,2352.7272727272725,2360.3636363636365,2368.0,2368.0,2,5,5,Kesämäki   (Lappeenranta )
6080,53810,"Blocks of flats, three-room flat+",1235.5,1239.0,1242.5,1246.0,1103.0,960.0,5,1,8,Kuusimäki-Lavola   (Lappeenranta )
6092,53850,"Blocks of flats, three-room flat+",1003.0,1003.0,1003.0,1003.0,1003.0,1003.0,5,1,9,Skinnarila   (Lappeenranta )
6098,53900,"Blocks of flats, three-room flat+",2679.0,2572.5,2466.0,2466.0,2466.0,2466.0,2,5,5,Pallo-Tysterniemi-Leiri   (Lappeenranta )
6104,53920,"Blocks of flats, three-room flat+",852.0,855.75,859.5,863.25,867.0,867.0,5,1,9,Voisalmi   (Lappeenranta )
6110,53950,"Blocks of flats, three-room flat+",1101.0,1101.0,1101.0,1101.0,1101.0,1101.0,5,1,8,Kivisalmi   (Lappeenranta )
6230,55100,"Blocks of flats, three-room flat+",1288.0,1288.0,1288.0,1288.0,1288.0,1288.0,4,0,0,Imatra Keskus   (Imatra )
6236,55120,"Blocks of flats, three-room flat+",648.0,648.0,648.0,648.0,648.0,648.0,5,1,1,Mansikkala-Tuulikallio   (Imatra )
6272,55510,"Blocks of flats, three-room flat+",664.0,664.0,664.0,664.0,664.0,664.0,5,1,1,Sotkulampi-Linnasuo   (Imatra )
6290,55800,"Blocks of flats, three-room flat+",635.0,635.0,635.0,635.0,635.0,635.0,5,1,1,Vuoksenniska-Saarlampi   (Imatra )
6338,57100,"Blocks of flats, three-room flat+",1556.0,1388.3333333333333,1220.6666666666667,1053.0,1514.0,1446.0,4,0,0,Heikinpohja-Piispanmäki   (Savonlinna )
6350,57130,"Blocks of flats, three-room flat+",1603.0,1603.0,1603.0,1603.0,1603.0,1603.0,4,4,4,Savonlinna Keskus   (Savonlinna )
6356,57170,"Blocks of flats, three-room flat+",1438.0,1438.0,1438.0,1438.0,1438.0,1438.0,4,0,0,Sortteerinlahti-Talvisalo   (Savonlinna )
6362,57200,"Blocks of flats, three-room flat+",669.0,669.0,669.0,669.0,669.0,669.0,5,1,1,Miekonniemi-Venäjänniemi   (Savonlinna )
6524,60100,"Blocks of flats, three-room flat+",1854.0,1935.0,1986.0,1899.0,1403.0,2206.0,4,4,4,Seinäjoki Keskus   (Seinäjoki )
6536,60150,"Blocks of flats, three-room flat+",1104.0,1104.0,1104.0,1104.0,1104.0,1104.0,5,1,8,Kasperi   (Seinäjoki )
6542,60200,"Blocks of flats, three-room flat+",2045.0,2045.0,2045.0,2045.0,2045.0,2045.0,2,5,5,Törnävä   (Seinäjoki )
6716,62100,"Blocks of flats, three-room flat+",818.0,818.0,818.0,818.0,818.0,818.0,5,1,9,Lapua Keskus   (Lapua )
6728,62200,"Blocks of flats, three-room flat+",810.0,810.0,810.0,810.0,810.0,810.0,5,1,9,Kauhava Keskus   (Kauhava )
7046,65100,"Blocks of flats, three-room flat+",2226.0,2013.0,2232.0,1944.0,2128.0,2297.0,2,5,5,Vaasa Keskus   (Vaasa )
7058,65200,"Blocks of flats, three-room flat+",1730.0,1771.0,1812.0,1923.0,1923.0,1923.0,4,4,4,Palosaari   (Vaasa )
7064,65230,"Blocks of flats, three-room flat+",990.0,990.0,990.0,990.0,990.0,990.0,5,1,9,Vetokannas   (Vaasa )
7070,65280,"Blocks of flats, three-room flat+",1420.0,1420.0,1420.0,1420.0,1420.0,1420.0,4,0,0,Gerby   (Vaasa )
7082,65320,"Blocks of flats, three-room flat+",1023.9655172413793,1018.7241379310344,1013.4827586206897,1008.2413793103449,1003.0,1003.0,5,1,9,Huutoniemi   (Vaasa )
7088,65350,"Blocks of flats, three-room flat+",1250.3333333333333,1177.6666666666667,1105.0,1214.0,1161.0,1092.0,5,1,8,Suvilahti   (Vaasa )
7094,65370,"Blocks of flats, three-room flat+",836.0,836.0,836.0,836.0,836.0,836.0,5,1,9,Ristinummi   (Vaasa )
7136,65610,"Blocks of flats, three-room flat+",1564.0,1564.0,1564.0,1564.0,1564.0,1564.0,4,4,4,Mustasaari Keskus   (Mustasaari )
7346,67100,"Blocks of flats, three-room flat+",1542.0,1633.0,1724.0,1669.0,1583.0,1771.0,4,4,4,Kokkola Keskus   (Kokkola )
7352,67200,"Blocks of flats, three-room flat+",1798.6,1776.8,1755.0,1314.0,1437.5,1561.0,4,4,4,Kiviniitty-Tullimäki   (Kokkola )
7478,68600,"Blocks of flats, three-room flat+",1096.0,1285.5,1475.0,1340.0,1299.0,1299.0,4,0,0,Pietarsaari Keskus   (Pietarsaari )
7484,68620,"Blocks of flats, three-room flat+",1020.25,1001.5,982.75,964.0,964.0,964.0,5,1,9,Skutnäs-Västermalm   (Pietarsaari )
7496,68660,"Blocks of flats, three-room flat+",752.0,752.0,752.0,752.0,752.0,752.0,5,1,1,Östermalm-Björnholmen   (Pietarsaari )
7640,70100,"Blocks of flats, three-room flat+",2471.0,2371.0,2793.0,2311.0,2473.0,2543.0,2,5,5,Kuopio Keskus   (Kuopio )
7646,70110,"Blocks of flats, three-room flat+",2249.0,2312.0,2375.0,2211.0,3099.0,2780.0,2,5,5,Etu-Niirala   (Kuopio )
7652,70150,"Blocks of flats, three-room flat+",1277.0,1366.0,1455.0,1306.0,1157.0,1157.0,4,0,0,Neulamäki   (Kuopio )
7658,70200,"Blocks of flats, three-room flat+",1436.5,1559.0,1601.0,1432.0,1938.0,1688.0,4,4,4,Puijonlaakso   (Kuopio )
7676,70300,"Blocks of flats, three-room flat+",,,,,3424.0,3424.0,3,3,3,Linnanpelto   (Kuopio )
7682,70340,"Blocks of flats, three-room flat+",1394.92,1391.96,1389.0,1513.0,1513.0,1513.0,4,0,0,Inkilänmäki   (Kuopio )
7694,70420,"Blocks of flats, three-room flat+",1420.0,1420.0,1420.0,1420.0,1420.0,1420.0,4,0,0,Päiväranta   (Kuopio )
7700,70460,"Blocks of flats, three-room flat+",745.0,729.0,713.0,697.0,681.0,681.0,5,1,1,Saarijärvi   (Kuopio )
7706,70500,"Blocks of flats, three-room flat+",986.0,1205.0,1151.0,1104.0,1184.0,1184.0,5,1,8,Männistö   (Kuopio )
7712,70600,"Blocks of flats, three-room flat+",1929.0,1814.5,1700.0,2324.0,2469.0,2614.0,2,5,5,Niirala-Huuhanmäki   (Kuopio )
7718,70620,"Blocks of flats, three-room flat+",1850.0,1850.0,1850.0,1850.0,1850.0,1850.0,4,4,4,Haapaniemi   (Kuopio )
7724,70700,"Blocks of flats, three-room flat+",1824.0,1824.0,1824.0,1824.0,1824.0,1824.0,4,4,4,Särkiniemi   (Kuopio )
7742,70820,"Blocks of flats, three-room flat+",1325.8,1296.2,1266.6,1237.0,1237.0,1237.0,4,0,0,Litmanen   (Kuopio )
7748,70840,"Blocks of flats, three-room flat+",2769.0,2739.0,2709.0,2679.0,2617.0,2893.0,2,5,5,Jynkänmäki   (Kuopio )
7850,71800,"Blocks of flats, three-room flat+",1301.0,1301.0,1301.0,1301.0,1301.0,1301.0,4,0,0,Siilinjärvi Keskus   (Siilinjärvi )
8012,74100,"Blocks of flats, three-room flat+",1476.0,1524.0,1340.0,1296.0,1439.0,1819.0,4,0,0,"Iisalmi Keskus, Eteläinen   (Iisalmi )"
8018,74120,"Blocks of flats, three-room flat+",717.0,717.0,717.0,717.0,717.0,717.0,5,1,1,Iisalmi Keskus Pohjoinen   (Iisalmi )
8108,76100,"Blocks of flats, three-room flat+",592.0,592.0,592.0,592.0,592.0,592.0,5,1,1,Pieksämäki Keskus   (Pieksämäki )
8168,77600,"Blocks of flats, three-room flat+",870.0,870.0,870.0,870.0,870.0,870.0,5,1,9,Suonenjoki Keskus   (Suonenjoki )
8186,78200,"Blocks of flats, three-room flat+",684.0,525.0,851.0,1177.0,695.0,836.0,5,1,9,Varkaus Keskus   (Leppävirta )
8198,78250,"Blocks of flats, three-room flat+",738.0,738.0,738.0,738.0,738.0,738.0,5,1,1,Päiviönsaari   (Varkaus )
8306,80100,"Blocks of flats, three-room flat+",1647.5,1502.0,2205.0,1906.5,1608.0,1711.0,4,4,4,"Joensuu Keskus, Pohjoinen   (Joensuu )"
8312,80110,"Blocks of flats, three-room flat+",1569.0,1819.0,1946.0,1711.0,1827.0,1817.0,4,4,4,Joensuu Keskus Eteläinen   (Joensuu )
8330,80160,"Blocks of flats, three-room flat+",937.909090909091,889.2727272727273,840.6363636363637,792.0,792.0,792.0,5,1,9,Rantakylä-Latola   (Joensuu )
8342,80200,"Blocks of flats, three-room flat+",1645.2,1577.0,1577.0,1577.0,1577.0,1577.0,4,4,4,Niinivaara   (Joensuu )
8348,80220,"Blocks of flats, three-room flat+",2617.2,2748.6,2880.0,2548.0,2548.0,2548.0,2,5,5,Penttilä   (Joensuu )
8492,81700,"Blocks of flats, three-room flat+",623.0,623.0,623.0,623.0,623.0,623.0,5,1,1,Lieksa Keskus   (Lieksa )
8654,83500,"Blocks of flats, three-room flat+",674.0,674.0,674.0,674.0,674.0,674.0,5,1,1,Outokumpu Keskus   (Outokumpu )
8708,84100,"Blocks of flats, three-room flat+",1077.0,1077.0,1077.0,1077.0,1077.0,1077.0,5,1,8,Ylivieska Keskus   (Ylivieska )
8894,87100,"Blocks of flats, three-room flat+",1404.0,1378.0,1352.0,1429.0,1442.0,1438.0,4,0,0,Kajaani Keskus   (Kajaani )
8906,87200,"Blocks of flats, three-room flat+",1169.0,1169.0,1169.0,1169.0,1169.0,1169.0,5,1,8,Teppana   (Kajaani )
8930,87500,"Blocks of flats, three-room flat+",803.5,768.0,732.5,697.0,697.0,697.0,5,1,1,Lehtikangas   (Kajaani )
9032,89600,"Blocks of flats, three-room flat+",816.0,816.0,816.0,816.0,816.0,816.0,5,1,9,Ämmänsaari   (Suomussalmi )
9044,90100,"Blocks of flats, three-room flat+",2308.0,2538.0,2272.0,2360.0,2166.0,2584.0,2,5,5,Oulu Keskus   (Oulu )
9050,90120,"Blocks of flats, three-room flat+",2051.0,2658.0,2444.0,2233.0,2600.0,2386.0,2,5,5,Heinäpää   (Oulu )
9056,90130,"Blocks of flats, three-room flat+",2325.0,2127.0,2377.0,2385.0,2246.0,2492.0,2,5,5,Raksila   (Oulu )
9062,90140,"Blocks of flats, three-room flat+",2653.4285714285716,2666.5714285714284,2679.714285714286,2692.8571428571427,2706.0,2767.0,2,5,5,Karjasilta   (Oulu )
9068,90150,"Blocks of flats, three-room flat+",1573.0,1480.0,1615.0,1710.5,1806.0,1806.0,4,4,4,Höyhtyä   (Oulu )
9080,90230,"Blocks of flats, three-room flat+",2322.0,2322.0,2322.0,2322.0,2322.0,2322.0,2,5,5,Värttö-Maikkula   (Oulu )
9086,90240,"Blocks of flats, three-room flat+",1512.0,1512.0,1512.0,1512.0,1512.0,1512.0,4,0,0,Iinatti   (Oulu )
9092,90250,"Blocks of flats, three-room flat+",1494.0,1501.5,1509.0,1073.0,1273.0,1597.0,4,0,0,Kaukovainio   (Oulu )
9104,90400,"Blocks of flats, three-room flat+",2649.1111111111113,2706.3333333333335,2763.5555555555557,2820.777777777778,2878.0,2878.0,2,5,5,Äimärautio   (Oulu )
9116,90420,"Blocks of flats, three-room flat+",1951.0,2008.0,1968.0,2085.0,1994.0,2063.0,2,5,5,Metsokangas   (Oulu )
9122,90440,"Blocks of flats, three-room flat+",1575.0,1575.0,1575.0,1575.0,1575.0,1575.0,4,4,4,Kempele Keskus   (Kempele )
9146,90500,"Blocks of flats, three-room flat+",1750.0,1527.0,1631.0,1888.0,1652.0,1974.0,4,4,4,Tuira   (Oulu )
9152,90510,"Blocks of flats, three-room flat+",2374.0,2374.0,2374.0,2374.0,2374.0,2374.0,2,5,5,Hietasaari   (Oulu )
9158,90520,"Blocks of flats, three-room flat+",2802.857142857143,2924.0,3184.0,2417.0,2140.0,2319.0,2,5,5,Taskila-Toppila   (Oulu )
9164,90530,"Blocks of flats, three-room flat+",1929.0,2354.0,2142.0,1930.0,1930.0,1930.0,2,5,5,Välivainio   (Oulu )
9170,90540,"Blocks of flats, three-room flat+",1824.0,1824.0,1824.0,1824.0,1824.0,1824.0,4,4,4,Kuivasjärvi   (Oulu )
9176,90550,"Blocks of flats, three-room flat+",1004.0,1055.5,1107.0,1107.0,1107.0,1107.0,5,1,8,Pyykösjärvi-Puolivälikangas   (Oulu )
9182,90560,"Blocks of flats, three-room flat+",1006.0,1006.0,1006.0,1006.0,1006.0,1006.0,5,1,9,Koskela-Oulu   (Oulu )
9188,90570,"Blocks of flats, three-room flat+",1330.3333333333333,1464.6666666666667,1599.0,956.0,956.0,956.0,4,0,0,Kaijonharju-Linnanmaa   (Oulu )
9206,90630,"Blocks of flats, three-room flat+",1922.0,1922.0,1922.0,1922.0,1922.0,1922.0,4,4,4,Korvensuora   (Oulu )
9212,90650,"Blocks of flats, three-room flat+",1649.0,2445.0,1699.0,1846.0,1567.0,1305.0,4,4,4,Haapalehto   (Oulu )
9368,91900,"Blocks of flats, three-room flat+",1262.0,1262.0,1262.0,1262.0,1262.0,1262.0,4,0,0,Liminka Keskus   (Liminka )
9392,92100,"Blocks of flats, three-room flat+",1926.0,1474.5,1023.0,1023.0,1023.0,1023.0,4,0,0,Raahe Keskus   (Raahe )
9518,93600,"Blocks of flats, three-room flat+",1210.0,1210.0,1210.0,1210.0,1210.0,1210.0,4,0,0,Kuusamo   (Kuusamo )
9548,94100,"Blocks of flats, three-room flat+",1032.0,1078.0,936.6666666666666,795.3333333333333,654.0,654.0,5,1,1,Kemi Keskus   (Kemi )
9638,95400,"Blocks of flats, three-room flat+",1577.0,1577.0,1577.0,1577.0,1577.0,1577.0,4,4,4,Tornio Keskus   (Tornio )
9722,96100,"Blocks of flats, three-room flat+",2170.0,1902.0,2116.0,2129.0,2445.0,2279.0,2,5,5,Rovaniemi Keskus   (Rovaniemi )
9734,96200,"Blocks of flats, three-room flat+",1220.0,1384.0,1302.0,1515.0,2245.0,1781.0,4,4,4,Sahanperä-Ratantaus   (Rovaniemi )
9740,96300,"Blocks of flats, three-room flat+",1408.3333333333333,1451.6666666666667,1495.0,1549.0,1603.0,2011.0,4,4,4,Niemelänkangas-Korvanniemi   (Rovaniemi )
9758,96440,"Blocks of flats, three-room flat+",820.0,820.0,820.0,820.0,820.0,820.0,5,1,9,Ounasrinne   (Rovaniemi )
9770,96500,"Blocks of flats, three-room flat+",691.0,691.0,691.0,691.0,691.0,691.0,5,1,1,Korkalovaara   (Rovaniemi )
9914,98440,"Blocks of flats, three-room flat+",500.0,500.0,500.0,500.0,500.0,500.0,5,1,1,Kallaanvaara   (Kemijärvi )
